Author,Observation,Timestamp,ID,Location
ropf,"A bird at DR Byen",1690891760,0,DR Byen
adho,"I think that is a Heron at DR Byen",1690978778,1,DR Byen
edka,"Ardea cinerea at DR Byen",1690979858,2,DR Byen
signe,"Heron at DR Byen",1788161296,3,DR Byen
raaminraza,"Pengiun",1789844667,4,DR Byen
teklasvane,"pigeon",1790176946,6,itu
teklasvane,"pigeon",1790176946,7,itu
teklasvane,"pigeon",1790178415,7,itu
teklasvane,"pigeon",1790178415,8,itu
teklasvane,"pingu",1790178471,9,ismejeri
teklasvane,"pingu",1790178471,10,ismejeri
teklasvane,"swallow",1790184737,11,ismejeriet
teklasvane,"swallow",1790184737,12,ismejeriet
sofiehelt,"1",1790240112,13,DR Byen
sofiehelt,"Heron at Ismageriet",1790243138,16,Ismageriet
signe,"Pelican",1790347014,15,ITU
sofiehelt,"Heron DR Byen",1791042586,16,DR Byen
sofiehelt,"Heron at Ismageriet",1791042785,17,Ismageriet
sofiehelt,"Heron at Ismageriet",1791042990,18,Ismageriet
sofiehelt,"Heron DR Byen",1791043212,19,DR Byen
sofiehelt,"Heron at Ismageriet",1791043212,19,Ismageriet
sofiehelt,"Heron DR Byen",1791045778,21,DR Byen
sofiehelt,"Heron DR Byen",1791368259,23,DR Byen
sofiehelt,"Heron DR Byen",1791368507,25,DR Byen
sofiehelt,"Heron at Ismageriet",1791368738,27,Ismageriet
sofiehelt,"Heron at Ismageriet",1791368843,28,Ismageriet
sofiehelt,"Heron DR Byen",1791368843,28,DR Byen
sofiehelt,"Heron DR Byen",1791369343,30,DR Byen
sofiehelt,"Heron DR Byen",1791370462,32,DR Byen
sofiehelt,"Heron at Ismageriet",1791370462,32,Ismageriet
sofiehelt,"Heron at Ismageriet",1791371397,34,Ismageriet
sofiehelt,"Heron DR Byen",1791371654,35,DR Byen
sofiehelt,"Heron at Ismageriet",1791371654,35,Ismageriet
sofiehelt,"Heron DR Byen",1791371767,37,DR Byen
sofiehelt,"Heron at Ismageriet",1791371976,39,Ismageriet
sofiehelt,"Heron DR Byen",1791371976,39,DR Byen
sofiehelt,"Heron at Ismageriet",1791372000,41,Ismageriet
sofiehelt,"Heron DR Byen",1791372209,37,DR Byen
sofiehelt,"Heron at Ismageriet",1791372209,37,Ismageriet
sofiehelt,"Heron at Ismageriet",1791372395,39,Ismageriet
sofiehelt,"Heron at Ismageriet",1791381596,40,Ismageriet
sofiehelt,"Heron DR Byen",1791381596,41,DR Byen
sofiehelt,"I",1791381596,42,WNPYOW
sofiehelt,"DOARLEAI",1791381596,43,PSEMPHGL
sofiehelt,"QAGF",1791381596,44,DVMU
sofiehelt,"FHCTH",1791381596,45,IQWDNO
sofiehelt,"EMBC",1791381596,46,C
sofiehelt,"BWT",1791381596,47,VA
sofiehelt,"UZARY",1791381596,48,ITMH
sofiehelt,"EDWIZWAH",1791381596,49,OXHNDSPCN
sofiehelt,"EYIO",1791381596,50,EXSKN
sofiehelt,"UL",1791381596,51,TT
sofiehelt,"QOSFYPJP",1791381596,52,SAJWQ
sofiehelt,"PORMUQSHN",1791381596,53,WPNPFBZAH
sofiehelt,"DGEI",1791381596,54,BXJTFIUH
sofiehelt,"PO",1791381596,55,X
sofiehelt,"TRAO",1791381596,56,Y
sofiehelt,"YTEKTTTH",1791381596,57,P
sofiehelt,"DFKBTH",1791381596,58,J
sofiehelt,"TTNMOVUH",1791381596,59,BH
sofiehelt,"DSUTJZ",1791381596,60,DUZ
sofiehelt,"CXVDWCGFD",1791381596,61,NP
sofiehelt,"YHKO",1791381596,62,DXYNXMYM
sofiehelt,"UW",1791381596,63,PHLYNFU
sofiehelt,"UIH",1791381596,64,VNFEP
sofiehelt,"RQBNREC",1791381596,65,OEVOBY
sofiehelt,"UTAJ",1791381596,66,LNNWEVUP
sofiehelt,"LVTDSH",1791381596,67,GCTMUV
sofiehelt,"RUROISWY",1791381596,68,MQILQQ
sofiehelt,"XJVARQETB",1791381596,69,U
sofiehelt,"XPSFEEO",1791381596,70,IHRTVTQ
sofiehelt,"YBVKJOZX",1791381596,71,XEV
sofiehelt,"WIGCJKJ",1791381596,72,KCQZKOSHL
sofiehelt,"PDZKV",1791381596,73,Q
sofiehelt,"XGAWPR",1791381596,74,EQNQWDXIS
sofiehelt,"VMV",1791381596,75,CYSQQAX
sofiehelt,"XFTGG",1791381596,76,XH
sofiehelt,"B",1791381596,77,MA
sofiehelt,"SBQQYSNVB",1791381596,78,RDPQHQJ
sofiehelt,"OAW",1791381596,79,J
sofiehelt,"DQXAWLX",1791381596,80,NLD
sofiehelt,"NPYT",1791381596,81,HUTV
sofiehelt,"PMRRZHYW",1791381596,82,SNALGNOPQ
sofiehelt,"ETTX",1791381596,83,MRFV
sofiehelt,"LUXSRNDJ",1791381596,84,ET
sofiehelt,"RKBRTRJCT",1791381596,85,HV
sofiehelt,"HIJPH",1791381596,86,MXJCWWI
sofiehelt,"MLXCUY",1791381596,87,UXF
sofiehelt,"ILMC",1791381596,88,N
sofiehelt,"HBZWUWOFQ",1791381596,89,BOJYZLIJR
sofiehelt,"AYGDHCCSK",1791381596,90,FGACTHJA
sofiehelt,"WE",1791381596,91,BP
