Author,Observation,Timestamp,ObservationId
sofiehelt,"hej",1789379614,1
teklasvane,"pingvin",1790183245,2
teklasvane,"cool",1790183927,2
teklasvane,"fugl",1790184687,2
teklasvane,"fugl",1790184687,2
teklasvane,"hej",1790184775,2
sofiehelt,"hej",1790240137,1
sofiehelt,"ERNFR",1791381596,1
sofiehelt,"CCQIPUWQB",1791381596,1
sofiehelt,"YAKV",1791381596,1
sofiehelt,"CJHYKN",1791381596,1
sofiehelt,"TAPV",1791381596,1
sofiehelt,"JFFNWHYQ",1791381596,1
sofiehelt,"OQQ",1791381596,1
sofiehelt,"JDLHXQ",1791381596,1
sofiehelt,"SX",1791381596,1
sofiehelt,"OIZ",1791381596,1
sofiehelt,"UMICZUG",1791381596,1
sofiehelt,"ZTJDNRRPG",1791381596,1
sofiehelt,"GNJUY",1791381596,1
sofiehelt,"CILEIN",1791381596,1
sofiehelt,"ZIJSXQR",1791381596,1
sofiehelt,"BBIC",1791381596,1
sofiehelt,"QKTQNSZ",1791381596,1
sofiehelt,"EQ",1791381596,1
sofiehelt,"BLDDVH",1791381596,1
sofiehelt,"SEDJJEYNN",1791381596,1
sofiehelt,"TMKGCSIJ",1791381596,1
sofiehelt,"A",1791381596,1
sofiehelt,"CVWCTNAOD",1791381596,1
sofiehelt,"TLHDQ",1791381596,1
sofiehelt,"PXGBMN",1791381596,1
sofiehelt,"NRYAQT",1791381596,1
sofiehelt,"TBYND",1791381596,1
sofiehelt,"LUW",1791381596,1
sofiehelt,"U",1791381596,1
sofiehelt,"U",1791381596,1
sofiehelt,"ET",1791381596,1
sofiehelt,"OLIF",1791381596,1
sofiehelt,"B",1791381596,1
sofiehelt,"HCOW",1791381596,1
sofiehelt,"WLFYVUUR",1791381596,1
sofiehelt,"R",1791381596,1
sofiehelt,"QNRLDOX",1791381596,1
sofiehelt,"SHWW",1791381596,1
sofiehelt,"OXYMV",1791381596,1
sofiehelt,"JZ",1791381596,1
sofiehelt,"VOVA",1791381596,1
sofiehelt,"K",1791381596,1
sofiehelt,"XFCF",1791381596,1
sofiehelt,"HERLSGPM",1791381596,1
sofiehelt,"MIBILGP",1791381596,1
sofiehelt,"Z",1791381596,1
sofiehelt,"RMJJJNX",1791381596,1
sofiehelt,"KWBIUUQ",1791381596,1
sofiehelt,"Z",1791381596,1
sofiehelt,"WEC",1791381596,1
sofiehelt,"FVHTI",1791381596,1
sofiehelt,"GJFB",1791381596,1
sofiehelt,"P",1791381596,1
sofiehelt,"GSY",1791381596,1
sofiehelt,"ES",1791381596,1
sofiehelt,"J",1791381596,1
sofiehelt,"N",1791381596,1
sofiehelt,"NUSHVBYBG",1791381596,1
sofiehelt,"YQYIEAP",1791381596,1
sofiehelt,"YZB",1791381596,1
sofiehelt,"W",1791381596,1
sofiehelt,"DKP",1791381596,1
sofiehelt,"JW",1791381596,1
sofiehelt,"FJJTNW",1791381596,1
sofiehelt,"OLIKPOJ",1791381596,1
sofiehelt,"C",1791381596,1
sofiehelt,"OROPOFX",1791381596,1
sofiehelt,"IWAHEKHAQ",1791381596,1
sofiehelt,"GPJRNU",1791381596,1
sofiehelt,"C",1791381596,1
sofiehelt,"IJCQABXYY",1791381596,1
sofiehelt,"VENLV",1791381596,1
sofiehelt,"PCHL",1791381596,1
sofiehelt,"NDDMWDJY",1791381596,1
sofiehelt,"IMUVQA",1791381596,1
sofiehelt,"JPPRJ",1791381596,1
sofiehelt,"PZL",1791381596,1
sofiehelt,"GL",1791381596,1
sofiehelt,"XBJ",1791381596,1
sofiehelt,"UZHQMCF",1791381596,1
sofiehelt,"KIBKM",1791381596,1
sofiehelt,"GCO",1791381596,1
sofiehelt,"ZOH",1791381596,1
sofiehelt,"DX",1791381596,1
sofiehelt,"GIVAXTC",1791381596,1
sofiehelt,"G",1791381596,1
sofiehelt,"WGYMZ",1791381596,1
sofiehelt,"HATF",1791381596,1
sofiehelt,"GCRPTW",1791381596,1
sofiehelt,"EGM",1791381596,1
sofiehelt,"V",1791381596,1
sofiehelt,"ZGZIWWJJF",1791381596,1
sofiehelt,"Q",1791381596,1
sofiehelt,"IQAHBBX",1791381596,1
sofiehelt,"NOLYPOQ",1791381596,1
sofiehelt,"ZMJNOOB",1791381596,1
sofiehelt,"HLAEUG",1791381596,1
sofiehelt,"RHYXXKDGN",1791381596,1
sofiehelt,"EZNTQBO",1791381596,1
sofiehelt,"JZ",1791381596,1
